,Temperature_Anomaly,CO2_Anomaly,Precipitation_Anomaly,SeaLevel_Anomaly
Lag 1,0.9391990995375167,0.6576745084169848,0.85864275103259,0.9240511826788776
Lag 2,0.6002905815508596,0.5337777986821063,0.74533466829154,0.5831783563694345
Lag 3,0.35580749623044283,0.3842076045306699,0.7681763463269682,0.6831672824009966
